[
  {
    "id": "5e38f4f0-016e-44a9-812b-583d68fba2f8",
    "data": [
      {
        "text": "Hiiii",
        "userDefined": false
      }
    ],
    "isTemplate": false,
    "count": 0,
    "updated": 0
  },
  {
    "id": "23d557c3-d67c-452a-bbb3-797cba7c45de",
    "data": [
      {
        "text": "Hiya",
        "userDefined": false
      }
    ],
    "isTemplate": false,
    "count": 0,
    "updated": 0
  },
  {
    "id": "456d6b75-6a90-473d-9d54-c85fb1eb6f11",
    "data": [
      {
        "text": "Hello",
        "userDefined": false
      }
    ],
    "isTemplate": false,
    "count": 0,
    "updated": 0
  },
  {
    "id": "4f4015f3-2116-4147-9147-61d926767861",
    "data": [
      {
        "text": "Hlo",
        "userDefined": false
      }
    ],
    "isTemplate": false,
    "count": 0,
    "updated": 0
  },
  {
    "id": "5d8b22a5-42c4-487d-85f5-7cd97d05fc26",
    "data": [
      {
        "text": "Hi",
        "userDefined": false
      }
    ],
    "isTemplate": false,
    "count": 0,
    "updated": 0
  }
]