[
  {
    "id": "0b644184-12b5-4e96-a3b3-98e2b1da6bae",
    "data": [
      {
        "text": "Hiii",
        "userDefined": false
      }
    ],
    "isTemplate": false,
    "count": 0,
    "updated": 0
  },
  {
    "id": "74882345-4e8f-4776-a2c1-8f988598e0c6",
    "data": [
      {
        "text": "Hlo",
        "userDefined": false
      }
    ],
    "isTemplate": false,
    "count": 0,
    "updated": 0
  },
  {
    "id": "fc85fd5c-2eac-4269-8cb6-eda54d4e56e6",
    "data": [
      {
        "text": "Hello",
        "userDefined": false
      }
    ],
    "isTemplate": false,
    "count": 0,
    "updated": 0
  },
  {
    "id": "f2443814-834e-45e2-9dfe-719c86230b7d",
    "data": [
      {
        "text": "Hellohiya",
        "userDefined": false
      }
    ],
    "isTemplate": false,
    "count": 1,
    "updated": 0
  },
  {
    "id": "e3e70171-3225-4479-b8c6-57cbb15f77ba",
    "data": [
      {
        "text": "Hi",
        "userDefined": false
      }
    ],
    "isTemplate": false,
    "count": 0,
    "updated": 0
  }
]